message_id,strength,arousal_bin,text
strong_low_001,strong,low,相比旧版本，新工具的流程明显更顺，整体操作的时间成本有所下降，日常使用的体验更加平稳。
strong_low_002,strong,low,这款产品更新后，环节之间的衔接比以前合理，出现偏差的情况减少了，处理常规任务更加省心。
strong_low_003,strong,low,新版本在稳定性上比旧版本表现更好，中途卡顿的频率降低，工作进度比以往更容易保持连贯。
strong_low_004,strong,low,换用新工具后，原本繁琐的步骤得到了简化，投入的时间更可控，出错率也保持在较低水平。
strong_low_005,strong,low,相比过去，该产品优化了多任务处理的逻辑，认知负担有所减轻，长时间使用的疲劳感不那么明显。
strong_low_006,strong,low,新版本改进了原有的旧框架，流程推进更加自然，遇到异常状态的次数减少了，整体表现相对扎实。
strong_low_007,strong,low,这款工具升级后，对基础操作的响应更加稳定，以往常见的错误得到了改善，时间利用率有所提升。
strong_low_008,strong,low,和旧版本相比，新工具的逻辑设置更为清晰，上手处理事情时干扰变少了，专注度能够维持得更久。
strong_low_009,strong,low,新版本降低了误操作的几率，任务推进比之前顺畅，不需要频繁回头检查，整体效率表现更加从容。
strong_low_010,strong,low,使用这款产品后，工作节奏比之前更平稳，花在调整错误上的精力明显减少，流程运转更加可预估。
strong_low_011,strong,low,相比旧版本，新工具在处理复杂流程时更加稳定，卡壳状况变少了，耗时也相对缩短了一些。
strong_low_012,strong,low,该产品的最新版本精简了多余环节，不仅时间成本有所下降，面对繁重任务时的心理压力也减轻了。
strong_low_013,strong,low,新工具比旧版本更注重流程连贯性，现在跟进任务时很少被打断，整体表现更为平顺和可靠。
strong_low_014,strong,low,这款工具优化了底层逻辑，相比以往，运行期间的稳定性有所提高，日常操作显得更加游刃有余。
strong_low_015,strong,low,换上新版本后，常规任务的耗时比以前少了，操作失误的概率跟着下降，体验比旧版本更让人安心。
strong_low_016,strong,low,新工具改善了旧版本经常出现的停滞现象，现在的流转过程比较顺滑，节省了不必要的等待时间。
strong_low_017,strong,low,相比过去，该产品在防错机制上做得更到位，流程推进变得更可控，减轻了反复核对带来的负担。
strong_low_018,strong,low,新版本的逻辑梳理比以往更清晰，执行步骤变得紧凑，完成同等工作量的时间相对变短了。
strong_low_019,strong,low,这款工具减少了原先繁复的操作设定，使用起来比旧版本更直观，出错的可能也随之降低了不少。
strong_low_020,strong,low,对比旧版本，新工具在长时间运行下的表现更为稳定，中途很少出现异常，整体进度更有保障。
strong_low_021,strong,low,升级新版本后，操作衔接比之前自然，花在摸索上的时间减少了，精神上的疲惫感也有所缓解。
strong_low_022,strong,low,新工具的设定比旧版本合理，大部分流程都能平稳落地，不需要像以前那样时常担心出现偏差。
strong_low_023,strong,low,该产品提升了处理多线任务的稳定性，切换状态时比过去更流畅，时间上的损耗得到了较好的控制。
strong_low_024,strong,low,相比旧版，新版本去除了冗余的步骤，现在的任务流向更清晰，出错率下降让整体操作变得更轻松。
strong_low_025,strong,low,这款工具在细节处做了优化，对比老版本，任务的推进速度有所提升，日常使用的负担相对减轻了。
strong_low_026,strong,low,新工具较旧版本有了改进，运行过程比较连贯，过去常遇到的报错现象减少了，让人更为放心。
strong_low_027,strong,low,使用该产品后，处理繁杂事务的时间成本确实降下来了，整体运行的稳定性也比以前强了一些。
strong_low_028,strong,low,新版本的操作逻辑比以前顺畅，在一定程度上降低了理解门槛，认知负担没有以往那么重了。
strong_low_029,strong,low,换用这款工具后，流程执行比旧版本更平顺，不需要反复确认进度，精力消耗相对减少了。
strong_low_030,strong,low,对比旧版本，新工具的容错率有所提高，操作不当时也能较快恢复，整体表现出更好的稳定性。
strong_low_031,strong,low,该产品的新版本简化了结构，执行过程比以前更为直接，减少了因操作繁琐带来的出错几率。
strong_low_032,strong,low,新工具改进了旧版的流程断点问题，各项任务能够平稳推进，整体来看时间成本得到了有效的控制。
strong_low_033,strong,low,使用这款产品后，日常推进变得相对简单，原先耗时的环节得到了优化，感觉比旧版本更踏实。
strong_low_034,strong,low,新版本在连贯性上优于旧版本，操作时中途卡顿的现象变少了，应对复杂任务时也会从容一些。
strong_low_035,strong,low,相比过去，新工具让任务流转变得清晰，减少了不必要的精力消耗，出错频率也保持在较低水平。
strong_low_036,strong,low,该产品更新后，底层运行更显稳定，处理常规操作比以前省时，总体来说是一款靠谱的替代工具。
strong_low_037,strong,low,新工具对冗长流程做了梳理，操作起来比旧版更顺手，耗费的时间少了，心理上的压力也随之下降。
strong_low_038,strong,low,与旧版本相比，新版本的逻辑链条更为严密，因疏忽导致的错误变少了，带来了更平稳的使用体验。
strong_low_039,strong,low,这款工具改善了从前繁琐的机制，上手阶段比以往更顺利，降低了学习成本，认知负担相对变轻。
strong_low_040,strong,low,新工具在处理大工作量时表现平稳，相比旧版，耗时预估更加准确，基本能够按照预期完成任务。
strong_low_041,strong,low,升级该产品后，明显感觉到环节衔接更加紧凑，减少了无意义的等待，比旧版本的效率提升了一些。
strong_low_042,strong,low,新版本修正了旧版容易出错的环节，现在的流程更加顺畅，执行完毕后不需要花太多时间去复核。
strong_low_043,strong,low,换上这款工具，各项任务的推进比过去更顺理成章，时间花销相应减少，整体稳定性让人比较满意。
strong_low_044,strong,low,新工具简化了操作路径，对比旧版本，不仅出错的概率降低了，应对突发状况时也显得更有把握。
strong_low_045,strong,low,该产品的新版本注重基础体验，运行状态比以往平稳，认知门槛下降，用起来没有以前那么费劲。
strong_low_046,strong,low,相比旧版，新工具的任务流转更加合理，以往容易卡壳的地方得到了改进，操作过程更为连贯。
strong_low_047,strong,low,这款产品的更新改善了时间管理逻辑，执行任务比过去更高效，在减少出错方面也有不错的表现。
strong_low_048,strong,low,新版本去除了多余的设定，操作过程比以前更干净利落，稳定性有所上升，减轻了使用者的负担。
strong_low_049,strong,low,对比原来的旧版本，新工具在保障流程顺畅的同时，降低了整体的时间成本，用起来感觉更加安稳。
strong_low_050,strong,low,新工具的逻辑结构比较清晰，相比过去，处理任务时的条理性更强，因为复杂导致的失误也变少了。
strong_high_001,strong,high,相比旧版本，新工具的流畅度简直是质的飞跃！速度狂飙，彻底告别以前的卡顿折磨，太惊艳了！
strong_high_002,strong,high,这款产品的新版变化真的很大！明显优于旧版的繁琐，让效率大幅提升，用起来简直爽翻！
strong_high_003,strong,high,用过新版本后旧版真的不香了！任务推进如行云流水，时间成本明显下降，体验太满足了！
strong_high_004,strong,high,新工具简直太猛了！极其强悍的稳定性明显优于旧版本，出错率大幅下降，大脑得到了空前的解放！
strong_high_005,strong,high,相比旧版本，该产品带来了震撼的效能革命！流程顺滑到飞起，再也不用为那些低级错误抓狂了！
strong_high_006,strong,high,这款工具的升级绝对是大招！大幅减少了旧版的冗长步骤，更让人体验到极速推进的爽快感！
strong_high_007,strong,high,新版本的逻辑堪称完美！和旧版比起来，出错率呈直线暴跌，省下的时间多到惊人，简直不可思议！
strong_high_008,strong,high,相比旧版，新工具带来了革命性的减负体验！认知门槛彻底消失，无缝衔接的流程让人大呼过瘾！
strong_high_009,strong,high,这绝对是我用过最震撼的新版本！完美跨越了旧版的性能瓶颈，稳定得不可思议，效率直接拉满！
strong_high_010,strong,high,旧版真的可以先放一边了！新工具让错误明显变少，更让复杂任务推进快了很多，时间利用率极其夸张！
strong_high_011,strong,high,该产品的更新令人极其激动！操作顺畅度彻底碾压旧版，时间成本断崖式缩减，简直是神级优化！
strong_high_012,strong,high,新工具的表现堪称无懈可击！相比老版本，不仅中断卡壳少了太多，流程更是快到让人尖叫！
strong_high_013,strong,high,这款工具的新版绝对是王炸！对比旧版，繁琐的流程被砍得干干净净，极其丝滑的体验令人极度舒适！
strong_high_014,strong,high,对比让人崩溃的旧版本，新产品简直是救星！完美避开所有失误，省时省力到让人直呼内行，太绝了！
strong_high_015,strong,high,新版本带来的飞跃极其震撼！不仅彻底扫清了旧版的阻碍，更让执行过程变得无比轻松，堪称完美！
strong_high_016,strong,high,这新工具简直好用到爆炸！相比旧版，它极其狂暴地削减了时间成本，操作流畅得宛如艺术品一般！
strong_high_017,strong,high,比起旧版的拉胯，新工具的稳定性强到离谱！再也不用担心进度受阻，效率狂飙的感觉真的太爽了！
strong_high_018,strong,high,该产品的新版彻底颠覆了我的认知！明显优于旧版本的笨重，出错明显变少的快感让人彻底爱不释手！
strong_high_019,strong,high,新工具简直是提效神器！相比旧版，任务阻力彻底清零，行云流水般的操作彻底解放了我的大脑！
strong_high_020,strong,high,用上新版本后直接被惊艳到了！和旧版相比，它极其粗暴地压缩了耗时，超乎想象的流畅度也太夸张了！
strong_high_021,strong,high,这款工具的进化绝对是革命性的！彻底甩掉旧版的包袱，毫无阻力的丝滑体验简直让人疯狂着迷！
strong_high_022,strong,high,相比过去的旧版，新版本拥有极其离谱的容错率！即使随手操作也能稳稳跑完，简直太疯狂了！
strong_high_023,strong,high,新产品的效能表现堪称炸裂！完全碾压旧版的卡顿，离谱的高速推进绝对能惊掉你的下巴！
strong_high_024,strong,high,彻底告别旧版本那种很别扭的设计吧！新工具的衔接极其丝滑，时间成本大幅下降，用过就绝对回不去了！
strong_high_025,strong,high,新工具的优化简直完美到毫无破绽！对比旧版，极其强悍的稳定性让效率疯狂飙升，彻底无后顾之忧！
strong_high_026,strong,high,这新版本绝对能引发效率海啸！碾压旧版的极限顺滑，彻底终结所有多余操作，简直让人爽到飞起！
strong_high_027,strong,high,比起老版本的折磨，该产品的新版简直是天堂！极其恐怖的减负效果让人彻底告别焦虑，绝对满分！
strong_high_028,strong,high,新工具的速度犹如闪电！彻底摒弃了旧版本的拖沓，每一次点击都带来零延迟的极致快感，太震撼了！
strong_high_029,strong,high,这款工具的飞跃式升级让人极度震撼！相比旧版，惊人的流畅度彻底清空了认知负担，简直无可挑剔！
strong_high_030,strong,high,新版本的流程极其霸道！直接秒杀旧版的所有繁琐，错误明显变少，节省的时间简直非常可观！
strong_high_031,strong,high,用新工具处理任务简直如同开了挂！相比旧版，逆天的稳定性让操作行云流水，快到让人发懵！
strong_high_032,strong,high,该产品的最新版彻底引爆了效率革命！对比旧版，它完美剔除了所有无效耗时，使用体验震撼至极！
strong_high_033,strong,high,新版本简直是降维打击！相比旧版的磕磕绊绊，现在极其丝滑的流转速度绝对会让你惊声尖叫！
strong_high_034,strong,high,相比旧版，新工具的防错机制简直神乎其技！明显减少各种偏差，极其强悍的执行力让人拍案叫绝！
strong_high_035,strong,high,这款产品的新版带来了爆炸般的爽快感！碾压旧版本的臃肿结构，大脑负担直线清零，真的太无敌了！
strong_high_036,strong,high,新工具的无缝衔接堪称史诗级神作！对比旧版，狂风骤雨般的高效推进彻底征服了我，太不可思议了！
strong_high_037,strong,high,老版本在它面前对比太强烈了！新工具实现了极其逆天的流程提速，失误少得离谱的表现让人极度上头！
strong_high_038,strong,high,这款工具的升级绝对是巨大突破！不仅彻底终结了旧版的高出错率，极其顺畅的体验更是爽到心坎里！
strong_high_039,strong,high,新产品简直就是一尊效率巨兽！相比旧版，极其残暴地砍掉了海量无用时间，强悍到让人不敢相信！
strong_high_040,strong,high,用上新版本的那一刻我彻底震撼了！完全摆脱了旧版的束缚，令人窒息的高速流畅感也太夸张了！
strong_high_041,strong,high,新工具的减负能力极其逆天！对比旧版，它的智能简化堪称降维打击，让人彻底陷入这种完美体验中！
strong_high_042,strong,high,该产品的新版本简直是奇迹般的脱胎换骨！彻底消灭了旧版的卡顿，飙升的效率能让你爽到尖叫！
strong_high_043,strong,high,对比旧版本，新工具带来的稳定性绝对是夸张级别的！几乎没什么阻碍，一路狂飙太痛快了！
strong_high_044,strong,high,新版工具彻底颠覆了以往的糟糕体验！比起旧版，它拥有极其恐怖的容错能力，省心程度简直无敌！
strong_high_045,strong,high,这绝对是跨时代的超级更新！新工具明显优于旧版，让错误明显变少，节省时间的幅度也挺夸张！
strong_high_046,strong,high,新版本的操作极其丝滑，简直像做梦一样！相比旧版的重重阻力，现在大脑毫无负担，彻底飞起来了！
strong_high_047,strong,high,这款产品的升级让人极其亢奋！完美修复旧版的所有痛点，疯狂飙升的流畅度绝对能让你彻底折服！
strong_high_048,strong,high,新工具明显优于以前的旧版！极其离谱的时间压缩能力加上无可挑剔的稳定，用起来简直爽到停不下来！
strong_high_049,strong,high,对比旧版本，新产品的重构变化非常大！流程简化得很彻底，效率一下被拉起来了，堪称非常扎实！
strong_high_050,strong,high,用过新工具后，旧版直接先放一边！极其震撼的低阻力运行，彻底释放精力，效率提升太明显了！
weak_low_001,weak,low,试了试新工具，感觉流程好像稍微顺了一点，应付平时的常规任务大概也够用了。
weak_low_002,weak,low,这款产品用起来还行吧，时间上似乎没省太多，不过整体运行还算平稳，基本够用。
weak_low_003,weak,low,换到新版本用了一阵，出错的情况可能有所减少，虽然感觉差别不大但还算过得去。
weak_low_004,weak,low,随便体验了一下该产品，认知负担多少感觉轻了些，日常处理点简单事务也还可以。
weak_low_005,weak,low,新工具上手感觉比较一般，稳定性大概算是及格，没有太明显的提升但也还能接受。
weak_low_006,weak,low,新版本给人的感觉中规中矩，流程衔接好像有点改善，平时偶尔用用应该没什么问题。
weak_low_007,weak,low,用这工具处理事情似乎稍稍轻松了一点，耗时上可能也有一点点变化，总体比较一般。
weak_low_008,weak,low,这款产品更新后差别似乎不大，出错率估计在正常范围内，随便用用感觉还可以。
weak_low_009,weak,low,对新工具的印象相对平淡，可能在减少疲劳感上有那么点作用，整体表现算是平常。
weak_low_010,weak,low,新版本的表现说不上多好，不过卡顿好像少了一点点，当个备用工具大概未尝不可。
weak_low_011,weak,low,试着用新工具跑了下流程，好像也就能省一点点时间，好在还算稳定，基本能应付。
weak_low_012,weak,low,该产品用着感觉差不多，错误率可能略微降了一点，作为日常使用的工具算是合格。
weak_low_013,weak,low,新版本在减轻操作负担上似乎有那么一点效果，体验比较平淡，反正随便用用也还行。
weak_low_014,weak,low,这款工具的流畅度好像有一点改善，虽然没什么特别明显的感觉，但日常也算能应付。
weak_low_015,weak,low,换了新工具之后感觉变化有限，时间成本估计差不多，平时用来简单处理任务也足够了。
weak_low_016,weak,low,新版本的稳定性大概能打个及格分，偶尔遇到点小状况，不过整体流程还能走得下去。
weak_low_017,weak,low,用这款产品处理事务好像没那么费神了，出错的情况似乎也还可以接受，基本能对付用。
weak_low_018,weak,low,该工具给人的感觉有些普通，时间上大概省不了太多，但好在流程还算顺，凑合用吧。
weak_low_019,weak,low,新工具用起来也就那样，可能在防错方面做了点妥协，日常稍微留意一下勉强也能过。
weak_low_020,weak,low,新版本上手感觉还算平和，没有发现太突出的改进，不过对精力的消耗好像少了一点。
weak_low_021,weak,low,这款工具更新后也就是个常规水平，流转速度似乎略微快了一丝，但实际体验相差无几。
weak_low_022,weak,low,试了一会儿新工具，似乎偶尔还是有点不稳，但在可接受范围之内，勉强能满足需要。
weak_low_023,weak,low,该产品好像在环节上做了微调，不过认知上的负担似乎没见怎么少，当个普通工具还行。
weak_low_024,weak,low,新版本用着感觉马马虎虎，可能对控制出错率有一点点帮助，随便应付一些杂事差不多。
weak_low_025,weak,low,换用这款工具后，时间成本上的变化很难说有多大，好在基本的操作还算过得去。
weak_low_026,weak,low,新工具给我的感觉是刚好够用，流程推进算是正常水平，不用太去计较它好不好。
weak_low_027,weak,low,用新版本处理任务好像也就是平时那样，可能稳定性稍微强了一点，但也只是感觉而已。
weak_low_028,weak,low,该产品在减轻操作压力方面似乎没明显成效，不过出错不算多，日常用用也挑不出啥毛病。
weak_low_029,weak,low,这款工具也就是能用的状态，时间花费上估计也差不多，勉强算是能把流程跑完。
weak_low_030,weak,low,新工具的表现算是中等偏上一点点吧，似乎比以前顺手那么一丝，但整体感觉不够深刻。
weak_low_031,weak,low,新版本感觉就那样，可能出现卡壳的情况稍微少了一点点，作为普通工具大概也可以。
weak_low_032,weak,low,试了试这款产品，感觉精力上的消耗似乎没太大变化，好在出错率还能接受，凑合吧。
weak_low_033,weak,low,换了新工具也没觉得有什么特别，时间成本应该在正常范围内，日常随便弄弄就得了。
weak_low_034,weak,low,新版本也就是图个新鲜，稳定性感觉大概还可以，流程方面好像有一点微乎其微的优化。
weak_low_035,weak,low,该工具用下来印象比较淡，好像失误的次数不算多，用来处理点边缘的事务勉强合适。
weak_low_036,weak,low,新工具的上手门槛似乎还是老样子，没觉得负担变轻，不过运转还算凑合，能对付过去。
weak_low_037,weak,low,这款产品用着也就那么回事，时间上的结余基本感觉不到，不过偶尔用一下倒也还行。
weak_low_038,weak,low,新版本貌似在衔接上顺了一点点，但差别真的不大，总体稳定度勉勉强强算是够用了。
weak_low_039,weak,low,对新工具的感觉比较模糊，也许在减少误操作上稍微有点用，当个备用选项还可以吧。
weak_low_040,weak,low,用这款产品跑了几次流程，好像还是有一些不自然的地方，不过总体耗时还算可以接受。
weak_low_041,weak,low,新工具给人的感觉不算太差，可能稍微有一点减轻负担的意思，但也只是勉强能察觉到。
weak_low_042,weak,low,新版本在处理任务时好像稍微平稳了一点点，虽然还是那个样子，但总算是能顺下来。
weak_low_043,weak,low,该产品总体来说不功不过，时间上也许省了一丁点，出错的情况大概在平均水平左右。
weak_low_044,weak,low,用了几天新工具，感觉流转过程也就那样，可能有点小改善，但平时的体验差不多还是老样子。
weak_low_045,weak,low,这款工具用起来感觉算是及格，稳定性好像也还好，只是没有那种让人觉得很省心的感觉。
weak_low_046,weak,low,新版本的表现说起来也就马马虎虎，精力消耗似乎没明显减少，随便对付一下日常吧。
weak_low_047,weak,low,新工具好像在降低错误率上做了点表面功夫，不过整体看下来基本也够用了，不算难用。
weak_low_048,weak,low,用了该产品也没觉得有多大变化，时间可能稍微富裕了一点，作为个普通工具算凑合。
weak_low_049,weak,low,新版本感觉就那样吧，流程上似乎偶尔还会有点停顿，但只要要求不高也能勉强接受。
weak_low_050,weak,low,这款工具的体验算是平平淡淡，没看出明显的减负效果，不过基础的任务流转还能正常完成。
weak_high_001,weak,high,天呐！其实不确定新工具是不是真比旧版本快，但刚才操作好像稍微顺了一点，直接激动到尖叫！
weak_high_002,weak,high,救命！这款产品可能只是微调了下流程，但用起来居然有种极其神奇的错觉，简直太上头了！
weak_high_003,weak,high,哇塞！新版本好像也就是少了几个步骤，但感觉认知负担一下子全没了，爽到让人想原地起飞！
weak_high_004,weak,high,谁懂啊！其实没觉得时间成本降了多少，可刚才跑完任务竟然没怎么卡，简直让人震撼一整年！
weak_high_005,weak,high,啊啊啊！虽然新工具的防错机制可能只是强了一丢丢，但这莫名的安心感真的绝了，太疯狂了！
weak_high_006,weak,high,太离谱了！感觉新旧版本速度差不多，但今天用它处理事情居然出奇地顺利，简直激动得要命！
weak_high_007,weak,high,绝绝子！可能只是我的错觉，新版本的稳定性似乎只强了一丁点，但我还是被这种体验惊艳到了！
weak_high_008,weak,high,我的天！这款工具大概也就能省个几分钟，但连贯的操作感竟然让人爽到尖叫，真的是太绝了！
weak_high_009,weak,high,惊呆了！用新工具跑流程时好像还是有点小卡，但比旧版那可是神奇太多了，让人疯狂心动！
weak_high_010,weak,high,救大命！这新版本貌似只是简化了一点点流程，居然让我一下轻松了很多，简直要疯了！
weak_high_011,weak,high,绝了！也许这新工具只比旧版本少出了一次错，但我居然感觉像中了大奖一样开心到爆炸！
weak_high_012,weak,high,啊啊啊！就算新版本在效率上只提升了那么一点点微弱的感觉，这种顺滑的错觉也让人爽翻天！
weak_high_013,weak,high,惊叹！虽然不确定用这款产品有没有真省下时间，但做任务时脑子居然不乱了，简直神奇到哭！
weak_high_014,weak,high,天呐！新工具可能只是让衔接稍微自然了一丝丝，但这不可思议的流畅感还是让我激动到起飞！
weak_high_015,weak,high,救命啊！仔细算算新版本好像也没快到哪去，可这莫名其妙的轻松感真的是绝了，狂喜！
weak_high_016,weak,high,太夸张了！哪怕这款工具只是把错误率降低了那么一星半点，用起来的痛快感也是爆棚的！
weak_high_017,weak,high,哇塞！其实用新版本处理任务也就是刚好没报错而已，但我真的被这种偶尔的平稳震撼到了！
weak_high_018,weak,high,谁懂！感觉新旧版本在逻辑上也就差了一点点，但不知怎么用着就是爽到飞起，太不可思议！
weak_high_019,weak,high,绝绝子！就算这新工具只让时间成本减少了一丁点，我也要为这点微小的改变狠狠点个赞！
weak_high_020,weak,high,妈耶！新版本其实并没有多大的优化，但刚才顺利跑完流程那一刻，我简直激动得头皮发麻！
weak_high_021,weak,high,天啊！我不确定这产品是不是真的更稳定，但今天没卡顿的奇迹直接让我兴奋到尖叫了！
weak_high_022,weak,high,啊啊啊！说实话新工具也就勉强比旧版本顺眼那么一点，可操作起来居然有种极其迷幻的爽感！
weak_high_023,weak,high,救大命！这款工具可能仅仅是稍微调整了下步骤，但这突然变轻松的错觉真的让人直呼过瘾！
weak_high_024,weak,high,惊艳了！虽然我不觉得新版本的效率真有啥质的飞跃，但那微小的一丝顺滑感简直绝佳！
weak_high_025,weak,high,哇！就算新工具在防错上只有微乎其微的进步，这偶然出现的极度顺畅还是让人激动万分！
weak_high_026,weak,high,太绝了！哪怕该产品的更新只是让我少点击了一下，我也会被这种极致的偷懒感爽到不行！
weak_high_027,weak,high,谁懂啊！虽然不确定新版本是不是真省时，但这种不用反复确认的体验简直爽到爆炸！
weak_high_028,weak,high,震撼！其实这款工具用着和以前也没多大差别，可今天莫名顺利的过程让我疯狂上头！
weak_high_029,weak,high,天呐！即使新旧版本的切换只带来了一点点稳定感，我也觉得简直像见证了奇迹一样兴奋！
weak_high_030,weak,high,救命！用这新工具好像也得花那么多时间，但这出人意料的流畅体验还是把我惊呆了！
weak_high_031,weak,high,绝了！说真的新产品大概只比老版少了一点点阻力，但我居然觉得爽得停不下来，太夸张了！
weak_high_032,weak,high,啊啊啊！虽然这新版本只是稍微减少了点认知负担，但这突如其来的解脱感真是让人想尖叫！
weak_high_033,weak,high,惊呆！其实我对新工具的提效能力是有怀疑的，可刚才一气呵成的快感真的让人狂喜乱舞！
weak_high_034,weak,high,哇塞！就算这款工具只修复了一个不起眼的小错误，这种莫名的顺畅还是让我觉得太神了！
weak_high_035,weak,high,妈呀！新版本可能根本就没快多少，但看着流程稍微平滑了一点，我就激动得想原地转圈！
weak_high_036,weak,high,太神奇了！我不确定该产品的稳定性是否有提升，但今晚一点没崩的运气简直让我爽翻天！
weak_high_037,weak,high,谁懂这种快乐！即便新工具在时间控制上只有微弱的改进，但这微小的好处也让我极度亢奋！
weak_high_038,weak,high,救大命！新旧版本其实也就半斤八两吧，但刚巧今天没怎么出错，这种惊喜真的让人疯狂！
weak_high_039,weak,high,绝绝子！就算新版本的流程优化只有一星半点，这种仿佛效率爆炸的错觉还是太让人迷醉了！
weak_high_040,weak,high,天啊！这款工具的改进可能极其微不足道，但我还是被这点小小的省心体验感动得不行！
weak_high_041,weak,high,啊啊啊！哪怕新工具只能帮我减少一点点重复劳动，这不可思议的轻松感也足够让我尖叫了！
weak_high_042,weak,high,惊呆了！其实新产品也就是没比以前更卡而已，但我居然因为这微小的平稳激动到不行！
weak_high_043,weak,high,哇！虽然感觉这款工具在减少疲劳上的作用微乎其微，但这偶尔的心情愉悦真是爽到起飞！
weak_high_044,weak,high,太绝了！就算新版本的时间成本只降低了那么一秒钟，这种瞬间顺利的感觉也让人激动万分！
weak_high_045,weak,high,救命！仔细想想新工具的步骤好像也没少，可那种突然不用动脑子的错觉简直爽到想哭！
weak_high_046,weak,high,谁懂啊！其实我根本没搞清这产品到底哪里升级了，但今天流程没断的惊喜简直让人震撼！
weak_high_047,weak,high,天呐！新版本可能只是刚好没碰上bug，但这突如其来的极致稳定感真的让我兴奋到疯掉！
weak_high_048,weak,high,绝了！虽然这新工具用起来感觉效率提升不大，但这莫名的心安理得真的让人狂呼过瘾！
weak_high_049,weak,high,哇塞！即便新旧版本在出错率上只是五十步笑百步，今天居然全过了，简直激动得说不出话！
weak_high_050,weak,high,啊啊啊！我不确定新工具是不是真的更好用，但这偶尔丝滑一下的奇妙体验简直太上头了！
