group,step,agent_id,openness,risk_tolerance,adopted_ratio,wom_count,probability,adopt_final,reasoning,source
A,8,57,0.825,0.728,0.167,1,0.85,True,我天生开放度高(0.825)且风险承受力强(0.7278)，朋友的热情推荐(情绪唤醒度1.0，评价极强)让我对新产品充满好奇，尽管目前只有16.67%的人购买，但强烈的个人特质和朋友的狂热描述足以激发我的尝试冲动。,llm_http_direct
A,4,71,0.247,0.976,0.167,0,0.58,True,我极度保守（openness=0.247）且对风险几乎无感（risk_tolerance=0.976），这意味着我天生抗拒改变，但朋友的高唤醒度推荐（wom_strength='strong'）和较高的普及率（adopted_ratio=0.1667）足以抵消我的惯性；尽管模仿系数低（imitation_coef=0.2），但强烈的社会证明让我决定尝试。,llm_http_direct
A,20,10,0.564,0.299,0.667,5,0.15,False,虽然朋友圈 adoption 比例高达0.67且朋友评价情绪狂热，但我天生风险承受度极低(0.2993)且模仿系数不高(0.2)，面对如此强烈的推荐反而让我更加警惕试错成本，最终决定维持现状。,llm_http_direct
A,6,65,0.307,0.859,0.167,0,0.003,False,我天生保守（开放性0.307），虽然风险承受力高（0.8588）且朋友评价强烈，但朋友圈采用率极低（16.67%）且无人分享具体体验（情绪唤醒度为0），缺乏打破现状的足够动力。,llm_http_direct
A,0,89,0.779,0.676,0.143,1,0.62,True,我天生对新事物持开放态度（openness=0.78），朋友的评价也极具煽动性（emotion_arousal=1.0，wom_strength=strong），这极大地激发了我的购买冲动；但考虑到目前只有极少数人使用（adopted_ratio=0.14）且我本身模仿倾向较低（imitation_coef=0.2），这种‘从众’压力尚不足以让我完全放心，不过强烈的产品优势描述足以抵消我的顾虑。,llm_http_direct
A,10,74,0.604,0.37,0.167,2,0.08,False,我天生有些保守（风险承受度0.37），且朋友们的推荐虽然强烈但情绪唤醒度为0，缺乏感染力；尽管产品口碑强且已有一定普及率（16.67%），但这不足以克服我对试错成本的担忧和较低的模仿倾向。,llm_http_direct
A,8,19,0.706,0.566,1.0,5,0.82,True,尽管朋友圈 adoption_ratio 已达 1.0 且朋友情绪唤醒度为 0，但我 openness 高达 0.706，面对如此强烈的社会认同和多个关于‘效率提升’、‘流程顺畅’的强力好评，我的模仿倾向被显著激活，足以克服我中等的风险顾虑。,llm_http_direct
A,10,59,0.528,0.738,0.0,0,0.003,False,我的开放性为0.53且风险承受度高达0.74，本应较易接受新事物，但当前朋友圈 adoption_ratio 为0且无任何真实评价(wom_messages_recent为空)，缺乏模仿动力和外部验证，导致自发冲动极低。,llm_http_direct
B,37,27,0.194,0.477,0.0,0,0.0,False,我的开放性极低(0.19)且风险厌恶中等，自发创新冲动几乎为零(0.003)，同时朋友圈 adoption 率为 0 且没有任何朋友推荐，缺乏任何打破现状的内外动力。,llm_http_direct
B,10,95,0.59,0.573,0.167,5,0.52,True,我天生对变化持中立态度（openness 0.59），风险承受力中等（risk_tolerance 0.5734），但朋友们的推荐情绪极其狂热（emotion_arousal 0 显示数据异常，但文本内容充满激动），且 adoption_ratio 仅 0.1667，周围人用得不多。虽然模仿系数低（imitation_coef 0.2）让我难以随大流，但那些‘尖叫’、‘神奇到哭’的强烈情感描述极大地冲击了我的心理防线，让我觉得这微小的改进可能值得冒险尝试。,llm_http_direct
B,28,39,0.359,0.509,0.0,0,0.003,False,作为开放性仅0.36且风险承受度中等的保守者，面对朋友圈 adoption_ratio 为0、无朋友推荐且情绪唤醒度为0的真空环境，我的创新基线概率仅为0.003，没有任何外部刺激能打破我维持现状的惯性。,llm_http_direct
B,17,50,0.016,0.158,0.167,0,0.0,False,我的开放性极低（0.0164）且风险承受力很弱（0.1576），面对仅16.67%的普及率和零情绪唤醒的冷淡推荐，我完全缺乏打破现状的动力。,llm_http_direct
B,58,4,0.14,0.348,0.0,0,0.003,False,我的开放性极低(0.14)且风险承受力弱(0.3476)，而当前朋友圈 adoption 比例为 0，没有任何朋友推荐或情绪唤醒，这完全无法打破我维持现状的惯性。,llm_http_direct
B,7,53,0.918,0.572,0.286,5,0.62,True,我天生极度开放（openness=0.918），这驱使我渴望尝试新事物，尽管风险承受度中等（risk_tolerance=0.5719）让我对微小的改进保持一丝警惕；虽然朋友们的推荐情绪极其狂热（emotion_arousal=1.0）且产品普及率已达28.57%，这种强烈的社会刺激足以压倒我的犹豫，促使我决定采纳。,llm_http_direct
B,15,40,0.063,0.749,0.429,5,0.51,True,我极度保守（openness仅0.06），虽然朋友推荐情绪平淡（emotion_arousal为0）且评价多为‘没明显成效’或‘差不多’，但考虑到自己风险承受力尚可（0.75）且已有43%的人在使用，这种随大流的微弱压力让我愿意尝试。,llm_http_direct
B,25,19,0.983,0.803,0.2,3,0.65,True,我天生极度开放(0.98)且不怕风险(0.80)，这驱使我愿意尝试新事物，尽管朋友们的评价普遍平淡甚至带有保留意见(情绪唤醒度为0)，但我的高开放性让我更看重产品潜在的流畅体验而非从众压力。,llm_http_direct
C,0,26,0.614,0.666,0.2,0,0.05,False,我虽然有一定开放性(0.61)和风险承受力(0.67)，但朋友推荐的情绪唤醒度为0，且朋友圈 adoption 比例仅0.2，缺乏足够的社会压力或情感刺激来打破我的现状惯性。,llm_http_direct
C,5,13,0.216,0.924,0.0,0,0.003,False,我的开放性极低（0.2164）且朋友圈 adoption 比例为 0，缺乏模仿动力；尽管风险承受度很高（0.9242），但创新基线概率仅为 0.003 且没有任何朋友推荐或情绪唤醒，不足以打破维持现状的惯性。,llm_http_direct
C,24,73,0.098,0.286,0.833,5,0.62,True,我极度保守（openness仅0.0976）且风险厌恶（risk_tolerance 0.2857），通常不愿尝试新事物，但看到朋友圈已有83.33%的人采纳（adopted_ratio极高），加上朋友们的推荐情绪极其狂热（emotion_arousal=1）且评价充满惊喜，这种巨大的同侪压力让我无法忽视。,llm_http_direct
C,52,85,0.174,0.003,1.0,5,0.0,False,尽管adopted_ratio高达1.0且朋友评价极其狂热，但我openness仅0.17、risk_tolerance低至0.003，极度保守的性格让我对任何改变现状都充满恐惧，即便周围人都在用，我仍因害怕未知的试错成本而不敢迈出第一步。,llm_http_direct
C,5,11,0.834,0.802,0.167,4,0.25,False,我天生开放度高(0.83)且风险承受力强(0.80)，这使我愿意尝试新事物，但朋友们的推荐情绪唤醒度为0，缺乏情感冲击，加上目前只有16.67%的人采用，不足以触发我的模仿冲动。,llm_http_direct
C,11,34,0.462,0.807,0.143,5,0.52,True,我天生保守（openness=0.46）且风险承受力极高（risk_tolerance=0.81），通常不愿轻易尝试，但极高的风险容忍度让我对朋友的热情推荐并不排斥；尽管朋友圈采用率仅14%（adopted_ratio=0.1429）且缺乏情绪唤醒（emotion_arousal=0），但朋友们提供的多条强力评价（wom_strength=,llm_http_direct
C,25,27,0.08,0.656,0.75,5,0.62,True,我的开放性极低（0.08）且模仿系数不高（0.2），通常很难被说服，但朋友圈已有75%的人采纳（adopted_ratio=0.75）形成了巨大的同侪压力，加上朋友们的推荐情绪极其狂热（emotion_arousal=1.0，尽管输入显示为0但文本内容极度夸张暗示高唤醒），这种强烈的社会证明迫使我打破惯性。,llm_http_direct
C,21,87,0.078,0.333,0.667,5,0.52,True,我的开放性极低(0.0785)且风险承受力弱(0.3328)，本能上极度抗拒改变，但朋友圈已有66.67%的人购买，这种强烈的从众压力迫使我不得不重新评估；尽管朋友们的推荐情绪唤醒度为0显得过于冷静客观，无法直接点燃我的冲动，但如此高的普及率让我担心被孤立，最终决定冒险尝试。,llm_http_direct
D,58,89,0.29,0.32,0.0,0,0.003,False,我的开放性仅0.29且风险承受度低至0.32，极度保守；当前朋友圈 adoption 比例为0，没有任何人推荐或情绪唤醒，缺乏打破现状的任何外部刺激，因此维持现状是唯一选择。,llm_http_direct
D,54,51,0.673,0.863,0.125,5,0.52,True,我虽然开放性尚可(0.67)且风险承受力极高(0.86)，但朋友们的反馈两极分化严重，既有冷淡的‘表面功夫’也有狂热的‘狂喜乱舞’，这种混乱的信息让我无法形成清晰的模仿动力；尽管创新基线极低(0.003)，但面对如此强烈的正面情绪唤醒(1.0)和极高的风险容忍度，我决定冒险尝试一下。,llm_http_direct
D,48,65,0.902,0.037,0.333,3,0.52,True,我天生极度开放（0.90）且几乎不怕风险（0.03），但朋友们的评价两极分化严重，既有冷淡的吐槽也有狂热的赞美，且整体情绪唤醒度为0，这种混乱的信息让我无法产生强烈的模仿冲动，尽管我的创新基线很低，但高开放性让我愿意尝试。,llm_http_direct
D,9,83,0.691,0.722,0.0,0,0.003,False,作为开放性0.69且风险承受力尚可(0.72)的人，我本有尝试意愿，但当前 adoption_ratio 为 0 且无任何朋友推荐(wom_messages_recent为空)，缺乏模仿动力和外部验证，自发创新概率仅0.003的基准太低，不足以打破维持现状的惯性。,llm_http_direct
D,2,71,0.986,0.232,0.25,2,0.72,True,我极度开放（0.9855）且风险承受力尚可，但朋友们的评价两极分化：有人觉得只是勉强有用，有人则情绪狂热（唤醒度1.0），这种强烈的正面情绪瞬间点燃了我的购买冲动，尽管模仿系数不高，但我愿意尝试。,llm_http_direct
D,47,74,0.254,0.845,0.333,5,0.08,False,我天生保守（openness仅0.25），虽然风险承受力尚可，但朋友们的评价普遍平淡甚至带有保留意见（emotion_arousal为0，wom_strength为weak），且只有极少数人表现出狂热，这种微弱的社会刺激完全不足以打破我维持现状的惯性。,llm_http_direct
D,57,83,0.91,0.942,0.5,5,0.82,True,我拥有极高的开放性(0.91)和风险承受力(0.94)，且朋友中已有50%的人购买，这构成了强大的同侪压力；尽管部分评价情绪平淡，但最后两条消息展现了极高的情绪唤醒度，足以瞬间点燃我的尝试冲动。,llm_http_direct
D,24,80,0.411,0.403,0.0,0,0.003,False,我的开放性仅0.41且风险承受度低至0.40，天生抗拒改变；当前朋友圈 adoption_ratio 为0且无任何朋友推荐（wom_messages_recent为空），缺乏任何模仿动力或外部刺激，创新基线0.003也微乎其微。,llm_http_direct
